,First Name,Gender,Salary,Bonus %,Senior Management,Team
0,Douglas,Male,97308,6.945,TRUE,Marketing
2,Maria,Female,130590,11.858,FALSE,Finance
4,Larry,Male,101004,1.389,TRUE,Client Services
5,Dennis,n.a.,115163,10.125,FALSE,Legal
6,Ruby,Female,65476,10.012,TRUE,Product
9,Frances,Female,139852,7.524,TRUE,Business Development
11,Julie,Female,102508,12.637,TRUE,Legal
12,Brandon,Male,112807,17.492,TRUE,Human Resources
13,Gary,Male,109831,5.831,FALSE,Sales
16,Jeremy,Male,90370,7.369,FALSE,Human Resources
17,Shawn,Male,111737,6.414,FALSE,na
18,Diana,Female,132940,19.082,FALSE,Client Services
19,Donna,Female,81014,1.894,FALSE,Product
21,Matthew,Male,100612,13.645,FALSE,Marketing
24,John,Male,97950,13.873,FALSE,Client Services
26,Craig,Male,37598,7.757,TRUE,Marketing
28,Terry,Male,124008,13.464,TRUE,Client Services
29,Benjamin,Male,79529,7.008,TRUE,Legal
30,Christina,Female,118780,9.096,TRUE,Engineering
33,Jean,Female,119082,16.18,FALSE,Business Development
34,Jerry,Male,95734,19.096,FALSE,Client Services
35,Theresa,Female,85182,16.675,FALSE,Sales
36,Rachel,Female,142032,12.599,FALSE,Business Development
37,Linda,Female,57427,9.557,TRUE,Client Services
38,Stephanie,Female,36844,5.574,TRUE,Business Development
40,Michael,Male,99283,2.665,TRUE,Distribution
42,Beverly,Female,121918,15.835,FALSE,Legal
43,Marilyn,Female,73524,5.207,TRUE,Marketing
44,Cynthia,Female,145146,7.482,TRUE,Product
45,Roger,Male,88010,13.886,TRUE,Sales
46,Bruce,Male,114796,6.796,FALSE,Finance
48,Clarence,Male,93581,6.083,TRUE,Business Development
50,Nancy,Female,94976,13.83,TRUE,Engineering
52,Todd,Male,49339,1.695,TRUE,na
54,Sara,Female,83677,8.999,FALSE,Engineering
55,Karen,Female,102488,17.653,TRUE,Product
56,Carl,Male,130276,16.084,TRUE,Finance
57,?,Male,64715,15.107,TRUE,Human Resources
58,Theresa,Female,72670,1.481,TRUE,Engineering
59,Irene,Female,66851,11.279,FALSE,Engineering
61,Denise,Female,106862,3.699,FALSE,Business Development
63,Matthew,Male,35203,18.04,FALSE,Human Resources
65,Steve,Male,61310,12.428,TRUE,Distribution
66,Nancy,Female,125250,2.672,TRUE,Business Development
67,Rachel,Female,51178,9.735,TRUE,Finance
68,Jose,Male,84834,14.33,TRUE,Finance
71,Johnny,Male,118172,16.194,TRUE,Sales
72,Bobby,Male,54043,3.833,FALSE,Product
73,Frances,Female,90582,4.709,TRUE,Sales
74,Thomas,Male,62096,17.029,FALSE,Marketing
75,Bonnie,Female,104897,?,TRUE,Human Resources
76,Margaret,Female,131604,7.353,TRUE,Distribution
77,Charles,Male,107391,1.26,TRUE,Marketing
78,Robin,Female,114797,5.965,TRUE,Sales
81,Christopher,Male,47369,14.822,FALSE,Legal
82,Steven,Male,35095,8.379,TRUE,Client Services
83,Shawn,Male,148115,6.539,TRUE,Finance
84,Doris,Female,83072,7.511,FALSE,Finance
85,Jeremy,Male,100238,3.887,TRUE,Client Services
87,Annie,Female,144887,8.276,TRUE,Sales
88,Donna,Female,64088,6.155,TRUE,Legal
89,Janice,Female,51082,11.955,FALSE,Legal
92,Linda,Female,119009,12.506,TRUE,Business Development
94,Harry,Male,130620,7.03,FALSE,Legal
95,Heather,Female,43026,14.166,FALSE,Client Services
98,Tina,Female,100705,16.961,TRUE,Marketing
99,Harold,Male,77544,12.447,FALSE,Business Development
100,Melissa,Female,48109,14.995,FALSE,Finance
101,Aaron,Male,61602,11.849,TRUE,Marketing
102,Jack,Male,103902,12.159,FALSE,Client Services
103,Phyllis,Female,136984,8.932,TRUE,Finance
104,John,Male,80740,19.305,FALSE,Marketing
105,Kathy,Female,91712,8.567,FALSE,Finance
106,Paul,Male,42146,3.046,FALSE,Legal
107,Steven,Male,68680,16.565,FALSE,Legal
110,Shirley,Female,147113,16.135,FALSE,Legal
111,Bonnie,Female,42153,8.454,TRUE,Business Development
112,Willie,Male,64363,4.023,FALSE,Marketing
113,Tina,Female,114767,3.711,TRUE,Engineering
114,Ashley,Female,58698,6.811,TRUE,Business Development
115,Pamela,Female,54585,4.166,FALSE,Product
117,Steven,Male,109095,9.494,FALSE,Finance
118,Andrea,Female,120204,9.557,FALSE,Business Development
119,Paul,Male,41054,12.299,FALSE,Marketing
120,Peter,Male,84885,15.402,FALSE,Business Development
122,Christina,Female,110169,13.892,TRUE,Engineering
123,Helen,Female,73789,14.841,TRUE,Product
124,Marilyn,Female,76078,2.401,TRUE,Product
125,Patricia,Female,49368,14.226,FALSE,Human Resources
126,Michelle,Female,57325,17.179,TRUE,Human Resources
127,William,Male,66521,5.83,FALSE,Human Resources
128,Kenneth,Male,127654,16.439,TRUE,Client Services
129,Antonio,Male,60866,13.101,TRUE,Business Development
130,Shirley,Female,41334,6.219,TRUE,Human Resources
131,Rebecca,Female,94231,17.517,FALSE,Product
132,Carlos,Male,146670,10.763,FALSE,Human Resources
133,Lois,Female,106317,2.235,TRUE,Client Services
134,Carolyn,Female,109260,2.65,TRUE,Business Development
135,Gloria,Female,134148,8.833,TRUE,Legal
136,Henry,Male,43542,19.687,FALSE,Legal
137,Adam,Male,95327,15.12,FALSE,Distribution
138,Ashley,Female,112238,6.03,TRUE,Engineering
140,Shirley,Female,113850,1.854,FALSE,Marketing
141,Adam,Male,110194,14.727,TRUE,Product
142,Elizabeth,Female,146129,5.687,FALSE,Finance
145,Jennifer,Female,71715,13.079,TRUE,Client Services
146,Patricia,Female,95322,4.15,n.a.,Product
147,Philip,Male,89227,3.996,FALSE,Legal
150,Sean,Male,135490,19.934,FALSE,Marketing
152,Ruth,Female,129297,8.067,TRUE,Client Services
154,Rebecca,Female,85730,5.359,TRUE,Product
155,Marie,Female,104058,17.695,TRUE,Business Development
156,Howard,Male,105062,1.563,FALSE,Human Resources
158,Norma,Female,114412,8.756,TRUE,Marketing
160,Kathy,Female,149563,16.991,TRUE,Finance
162,Arthur,Male,89786,14.422,TRUE,Legal
163,Terry,Male,52226,19.135,FALSE,Client Services
164,Mary,Female,134645,18.197,FALSE,Business Development
167,Christopher,Male,142178,17.984,TRUE,Sales
169,Michelle,Female,53754,5.455,TRUE,Product
170,Irene,Female,133772,19.02,TRUE,Sales
171,Patrick,Male,143499,17.495,TRUE,Engineering
172,Sara,Female,97058,9.402,FALSE,Finance
173,Lillian,Female,85446,3.959,TRUE,Engineering
175,Willie,Male,146651,1.451,TRUE,Engineering
176,Victor,Male,124486,10.166,FALSE,Product
177,Wayne,Male,102652,14.085,TRUE,Distribution
178,Jane,Female,144474,17.648,FALSE,Product
179,Jessica,Female,68759,19.343,TRUE,Finance
180,Mark,Male,57286,5.025,TRUE,Business Development
181,Randy,Male,58129,1.952,TRUE,Distribution
182,Lillian,Female,123940,12.184,TRUE,Business Development
184,Jerry,Male,140810,9.177,TRUE,Client Services
185,Sandra,Female,42090,8.842,TRUE,Legal
187,Roger,Male,51430,6.46,FALSE,Marketing
188,Charles,Male,71749,15.931,FALSE,Legal
189,Clarence,Male,85700,1.215,FALSE,Sales
190,Carol,Female,57783,9.129,FALSE,Finance
191,Lois,Female,36946,6.652,FALSE,Engineering
193,Rebecca,Female,109259,4.443,TRUE,Legal
194,Irene,Female,131038,8.996,FALSE,Distribution
195,Ronald,Male,121068,12.757,TRUE,Product
196,Steven,Male,62719,19.127,FALSE,Client Services
197,Carolyn,Female,69268,3.031,FALSE,Client Services
198,Maria,Female,36067,9.64,TRUE,Product
200,Gary,Male,89661,8.525,FALSE,Finance
201,Kimberly,Female,36643,7.953,FALSE,Marketing
202,Roger,Male,140558,5.084,TRUE,Sales
203,Diana,Female,103521,2.784,TRUE,Business Development
204,Willie,Male,55281,4.935,TRUE,Marketing
205,Brandon,Male,115711,8.012,TRUE,Finance
206,Patricia,Female,114079,8.399,TRUE,Client Services
207,Katherine,Female,57531,1.767,FALSE,Client Services
208,Jonathan,Male,141069,4.903,FALSE,Human Resources
209,Emily,Female,89434,11.295,FALSE,Engineering
210,Ruth,Female,44639,9.148,TRUE,Legal
211,Linda,Female,110967,19.612,TRUE,Human Resources
212,Lisa,Female,115387,1.821,FALSE,Client Services
213,Evelyn,Female,81673,15.364,TRUE,Engineering
214,Julie,Female,109588,3.55,FALSE,Engineering
215,Mary,Female,92544,3.8,FALSE,Client Services
216,Matthew,Male,142373,2.462,FALSE,Marketing
217,Douglas,Male,83341,1.015,TRUE,Client Services
219,Billy,Male,120444,7.768,TRUE,Finance
221,Gregory,Male,109564,3.845,FALSE,Legal
222,Jason,Male,78417,3.067,FALSE,Finance
223,Daniel,Male,106947,15.866,TRUE,Legal
224,Sarah,Female,87298,2.311,FALSE,Distribution
225,Harry,Male,64579,15.266,TRUE,Sales
226,Kathy,Female,50905,9.404,TRUE,Finance
227,Todd,Male,59728,11.226,TRUE,Client Services
228,Bobby,Male,51685,17.445,TRUE,Engineering
229,Jeremy,Male,49542,1.679,TRUE,Distribution
232,Marilyn,Female,147663,10.263,FALSE,Human Resources
233,Kathryn,Female,73935,14.752,FALSE,Sales
234,Irene,Female,40837,12.182,TRUE,Client Services
235,Norma,Female,94393,3.643,TRUE,Engineering
236,Laura,Female,42087,2.624,FALSE,Product
237,Cheryl,Female,52080,9.375,FALSE,Legal
238,Kevin,Male,35061,5.128,FALSE,Legal
241,Walter,Male,127813,5.961,FALSE,Finance
242,Robert,Male,38041,18.428,TRUE,Engineering
243,Jimmy,Male,126310,5.413,TRUE,Product
244,Clarence,Male,142561,8.866,FALSE,Client Services
245,Victor,Male,70817,17.138,FALSE,Engineering
248,Justin,Male,82782,4.366,?,Distribution
249,Betty,Female,104896,19.55,TRUE,Business Development
252,Ralph,Male,71896,4.232,TRUE,Marketing
254,Edward,Male,110485,7.995,FALSE,Client Services
255,Denise,Female,115118,5.108,FALSE,Human Resources
256,Debra,Female,48696,4.75,FALSE,Legal
259,Henry,Male,89258,15.585,TRUE,Human Resources
260,Gloria,Female,90730,2.491,FALSE,Distribution
261,Marie,Female,100308,13.677,FALSE,Product
262,Anne,Female,69134,3.723,TRUE,Engineering
264,Stephanie,Female,50141,13.218,TRUE,Human Resources
265,Roy,Male,101941,3.45,FALSE,Client Services
268,Irene,Female,56526,5.81,TRUE,Finance
270,Thomas,Male,103235,9.554,TRUE,Human Resources
272,Fred,Male,74129,18.225,FALSE,Product
273,Nicholas,Male,74669,1.113,TRUE,Product
274,Howard,Male,97490,5.46,TRUE,Marketing
275,Debra,Female,104250,18.456,TRUE,Business Development
276,Christine,Female,94345,11.996,FALSE,Finance
278,Betty,Female,51613,12.984,FALSE,Distribution
279,Ruby,Female,105946,1.139,FALSE,Business Development
280,Kevin,Male,46080,9.635,FALSE,Business Development
281,Arthur,Male,134610,6.147,TRUE,n.a.
283,Todd,Male,107281,1.612,TRUE,Engineering
284,Brenda,Female,141521,4.337,FALSE,Client Services
285,Judy,Female,65931,2.304,FALSE,Human Resources
286,Todd,Male,69989,10.985,TRUE,Finance
287,Lois,Female,147183,9.999,TRUE,Client Services
289,Jessica,Female,75145,6.388,TRUE,Legal
291,Tammy,Female,132839,17.463,TRUE,Client Services
292,Anne,Female,44537,18.284,TRUE,Client Services
293,Jesse,Male,118733,9.653,FALSE,Marketing
294,Virginia,Female,46905,19.154,FALSE,Distribution
295,Jesse,Male,79582,3.873,FALSE,Legal
297,Daniel,Male,123811,7.664,TRUE,Human Resources
299,Emily,Female,36711,19.028,TRUE,Human Resources
300,Alan,Male,111786,3.592,TRUE,Engineering
301,James,Male,72257,13.023,FALSE,Engineering
302,Adam,Male,71276,5.027,TRUE,Human Resources
304,Jeremy,Male,46930,18.702,TRUE,Finance
305,Margaret,Female,125220,3.733,FALSE,Marketing
306,Mark,Male,121477,17.44,TRUE,Business Development
307,Marilyn,Female,86386,2.937,FALSE,Distribution
308,Cheryl,Female,81308,2.196,TRUE,Legal
309,Benjamin,Male,84810,15.794,FALSE,Marketing
310,Harold,Male,66775,2.158,TRUE,Legal
312,Gerald,Male,121604,1.923,TRUE,Sales
313,Judy,Female,109510,13.457,TRUE,Legal
316,Marie,Female,123711,10.966,FALSE,Product
317,Kathy,Female,132381,8.34,FALSE,Business Development
318,Roy,Male,148225,1.841,FALSE,Finance
319,Jacqueline,Female,n.a.,18.243,FALSE,Marketing
321,Julie,Female,56926,7.507,FALSE,Sales
322,Douglas,Male,41428,14.372,FALSE,Product
323,Linda,Female,115658,3.041,TRUE,Sales
324,Ruby,Female,76707,6.031,FALSE,Business Development
325,Russell,Male,60388,17.885,FALSE,Client Services
326,Jeffrey,Male,45150,12.075,TRUE,Product
327,Aaron,Male,58755,5.097,TRUE,Marketing
328,Samuel,Male,76076,5.319,TRUE,Finance
330,Randy,Male,135119,7.887,FALSE,Client Services
331,Evelyn,Female,36759,17.269,TRUE,Marketing
332,Fred,Male,121723,18.645,TRUE,Product
333,Shirley,Female,110061,7.494,FALSE,Client Services
334,Todd,Male,85074,1.844,FALSE,Client Services
335,Robert,Male,85799,19.93,FALSE,Finance
336,Mark,Male,75150,12.182,TRUE,Legal
337,Earl,Male,91344,4.035,TRUE,Sales
338,Richard,Male,86326,10.717,FALSE,Product
339,Michael,Male,98753,16.443,TRUE,Human Resources
340,Steven,Male,113060,2.846,TRUE,Sales
341,Carlos,Male,77327,11.58,TRUE,Finance
342,Marie,Female,62666,10.247,FALSE,Product
343,Ronald,Male,96633,4.99,TRUE,Engineering
344,Scott,Male,58248,3.914,FALSE,Business Development
345,Steven,Male,83706,6.96,TRUE,Human Resources
346,James,Male,74086,5.778,TRUE,Human Resources
347,Lori,Female,95389,14.223,FALSE,Sales
348,Philip,Male,129968,19.897,FALSE,Finance
349,Phyllis,Female,?,8.723,FALSE,Sales
351,Cynthia,Female,74287,10.751,FALSE,Sales
354,Elizabeth,Female,106406,1.782,TRUE,Legal
355,Andrea,Female,115913,12.121,FALSE,Legal
356,Judy,Female,38092,5.668,FALSE,Distribution
357,Russell,Male,121160,7.843,FALSE,Engineering
358,Scott,Male,90429,4.45,FALSE,Product
359,Sarah,Female,64207,7.824,TRUE,Client Services
360,Susan,Female,80688,18.892,TRUE,Sales
362,Joshua,Male,72893,9.555,FALSE,Distribution
364,Juan,Male,97364,3.595,FALSE,Product
368,Marilyn,Female,147183,8.748,FALSE,Business Development
369,Mary,Female,87721,12.484,FALSE,Product
370,Linda,Female,144001,2.194,FALSE,Business Development
371,Larry,Male,91133,5.14,FALSE,Sales
372,Albert,Male,67827,19.717,TRUE,Engineering
373,Kenneth,Male,81839,12.072,FALSE,Sales
376,Brandon,Male,112548,4.664,FALSE,Engineering
377,Stephen,Male,111249,10.574,TRUE,Human Resources
378,Russell,Male,114334,9.669,FALSE,Product
381,Scott,Male,64172,10.894,TRUE,Engineering
383,Carlos,Male,50167,2.362,FALSE,Product
384,Jack,Male,106995,15.723,FALSE,Product
385,Debra,Female,70492,8.895,FALSE,Client Services
386,Phyllis,Female,125881,16.697,FALSE,Sales
387,Robert,Male,123294,19.894,FALSE,?
388,Gloria,Female,131045,11.312,TRUE,Product
391,Marilyn,Female,140502,9.989,TRUE,Sales
392,Ralph,Male,106310,4.03,TRUE,Client Services
394,Robin,Female,111163,5.025,TRUE,Product
395,Kathy,Female,93753,7.094,TRUE,Sales
396,Rose,Female,63494,19.385,TRUE,Human Resources
397,Clarence,Male,116693,13.835,TRUE,Distribution
398,Doris,Female,85215,7.425,TRUE,Human Resources
399,Kathryn,Female,86439,7.799,FALSE,Finance
401,Norma,Female,38872,9.302,TRUE,Business Development
403,Craig,Male,113506,19.642,FALSE,Marketing
405,Sharon,Female,91522,7.564,FALSE,Finance
406,Mary,Female,42214,17.538,TRUE,Business Development
408,Joe,Male,144082,1.62,TRUE,Client Services
409,Jeremy,Male,47885,19.276,TRUE,Human Resources
410,Ernest,Male,126232,6.191,TRUE,Sales
411,Kevin,Male,134598,11.699,FALSE,Business Development
412,Jacqueline,Female,66604,14.609,FALSE,Legal
413,Johnny,Male,115194,5.861,TRUE,Marketing
414,Gary,Male,49101,11.9,TRUE,Business Development
418,Julia,Female,36403,2.664,TRUE,Finance
419,Dorothy,Female,140136,3.12,TRUE,Business Development
420,Justin,Male,121508,19.334,TRUE,Finance
421,Kevin,Male,79906,18.021,TRUE,Sales
422,Victor,Male,123144,16.261,TRUE,Product
423,Deborah,Female,46953,17.436,FALSE,Client Services
425,Alice,Female,51395,2.378,TRUE,Finance
426,Todd,Male,134408,3.56,TRUE,Human Resources
427,Frank,Male,?,8.037,TRUE,Sales
428,Christopher,Male,68028,7.869,TRUE,Finance
429,Rose,Female,149903,5.63,FALSE,Human Resources
430,Andrea,Female,79123,19.422,FALSE,Distribution
431,Charles,Male,104014,7.077,FALSE,Legal
433,Wanda,Female,65362,7.132,TRUE,Legal
435,Billy,Male,144709,10.069,TRUE,Distribution
436,Kathryn,Female,53061,11.864,TRUE,Finance
437,Denise,Female,36697,11.196,TRUE,Sales
439,Nicholas,Male,101036,2.826,TRUE,Human Resources
440,Aaron,Male,52119,11.343,TRUE,Client Services
441,Louise,Female,46666,1.886,TRUE,Business Development
442,Julie,Female,73437,2.518,TRUE,Finance
443,Kathy,Female,86318,18.492,TRUE,Sales
446,Cheryl,Female,67150,15.85,TRUE,Marketing
447,Gregory,Male,142208,11.204,TRUE,Engineering
448,Wayne,Male,81183,17.066,FALSE,Client Services
449,Beverly,Female,107163,3.665,TRUE,Human Resources
450,Willie,Male,55038,19.691,n.a.,Legal
452,Scott,Male,146812,1.965,TRUE,Marketing
453,Annie,Female,40119,4.338,TRUE,Human Resources
455,Ruth,Female,69579,18.029,TRUE,Human Resources
457,Patricia,Female,121232,16.624,FALSE,Legal
458,Albert,Male,102626,15.843,FALSE,Finance
460,Tina,Female,88276,14.248,FALSE,Legal
461,Jeremy,Male,43354,13.946,FALSE,Marketing
462,Craig,Male,125556,7.996,FALSE,Engineering
463,Jose,Male,59862,3.269,FALSE,Product
464,Lawrence,Male,74640,18.641,FALSE,Marketing
465,Helen,Female,52875,4.188,FALSE,Legal
466,Walter,Male,58789,5.461,FALSE,Sales
467,Amy,Female,122897,8.222,TRUE,Engineering
468,Janice,Female,136032,10.696,TRUE,Marketing
469,Stephen,Male,141958,9.078,TRUE,Legal
470,Ryan,Male,139917,11.466,FALSE,Distribution
471,Sharon,Female,147635,14.693,FALSE,Human Resources
472,Joshua,Male,68230,8.047,FALSE,Client Services
473,Clarence,Male,124365,8.457,FALSE,Business Development
474,Jonathan,Male,104749,11.364,FALSE,Engineering
475,Stephanie,Female,122121,7.937,TRUE,Engineering
476,Kathy,Female,143541,8.461,FALSE,Human Resources
477,Albert,Male,137840,9.705,FALSE,Business Development
478,Michael,Male,73354,18.357,FALSE,Business Development
480,Amy,Female,106249,15.967,FALSE,Sales
484,Joe,Male,50645,11.119,FALSE,Marketing
485,Ashley,Female,142415,1.985,TRUE,Finance
486,Howard,Male,37984,2.021,FALSE,Distribution
487,Cheryl,Female,71751,15.918,FALSE,Business Development
488,Robert,Male,135882,19.944,FALSE,Legal
489,Sharon,Female,46007,19.731,TRUE,Client Services
490,Judith,Female,117055,7.461,FALSE,Marketing
492,Jerry,Male,121357,18.845,FALSE,Business Development
493,Craig,Male,44857,13.266,FALSE,Finance
494,Barbara,Female,47322,7.25,TRUE,Sales
495,Eugene,Male,81077,2.117,FALSE,Sales
496,Johnny,Male,76394,5.437,TRUE,Marketing
497,Benjamin,Male,114356,7.123,FALSE,Client Services
498,Diana,Female,41831,4.548,FALSE,Business Development
500,Christine,Female,72613,11.126,FALSE,Legal
501,Sean,Male,42748,9.765,FALSE,Distribution
502,Sarah,Female,37259,1.763,FALSE,Client Services
503,Roger,Male,125033,4.887,TRUE,Marketing
506,Donald,Male,106472,6.499,TRUE,Client Services
507,Clarence,Male,103684,18.654,TRUE,Engineering
508,Scott,Male,96111,15.592,FALSE,Human Resources
509,Ann,Female,90719,6.22,FALSE,Business Development
510,Frank,Male,140303,17.07,FALSE,Legal
511,Joe,Male,62161,8.13,TRUE,Business Development
515,Larry,Male,97370,10.458,FALSE,Sales
516,Gloria,Female,66224,15.979,TRUE,Legal
517,Ruth,Female,97915,3.997,TRUE,Human Resources
518,Diana,Female,86883,18.003,TRUE,Product
519,Raymond,Male,37812,3.178,FALSE,Human Resources
522,Catherine,Female,58047,14.858,TRUE,Distribution
523,Diane,Female,124889,15.026,TRUE,Sales
525,Steve,Male,67780,9.54,TRUE,Human Resources
526,Barbara,Female,144677,8.696,FALSE,Finance
529,Christopher,Male,82401,7.252,FALSE,Client Services
530,Kathleen,Female,35575,14.595,FALSE,Distribution
531,Virginia,Female,123649,10.154,TRUE,Marketing
532,Lisa,Female,38078,10.28,TRUE,Product
533,Earl,Male,52620,13.773,FALSE,Product
535,Louise,Female,91462,8.205,FALSE,Marketing
536,Clarence,Male,146589,4.905,TRUE,Business Development
537,Cynthia,Female,51633,13.472,TRUE,Business Development
538,Adam,Male,45181,3.491,FALSE,Human Resources
539,Justin,Male,62454,3.459,TRUE,Sales
541,Ruby,Female,147362,7.851,TRUE,Engineering
542,Amanda,Female,80803,14.077,TRUE,Distribution
543,Anna,Female,117293,2.366,FALSE,Client Services
544,Roger,Male,105689,13.32,TRUE,Marketing
546,Joseph,Male,102555,3.672,TRUE,Product
547,Evelyn,Female,51525,10.366,FALSE,Finance
548,Janice,Female,41190,3.311,TRUE,Sales
549,Sara,Female,75484,3.186,FALSE,Finance
550,Gregory,Male,82726,16.304,TRUE,Marketing
551,Philip,Male,122319,19.122,FALSE,Engineering
552,Barbara,Female,127297,11.905,TRUE,Product
553,Amanda,Female,109290,13.853,FALSE,Engineering
555,Anne,Female,71930,18.451,TRUE,Product
556,Arthur,Male,66819,6.639,TRUE,Marketing
557,Jane,Female,42424,18.115,FALSE,Distribution
558,Linda,Female,51431,13.295,FALSE,Engineering
559,Ashley,Female,120675,6.51,FALSE,Human Resources
560,Shawn,Male,96610,2.097,TRUE,Client Services
561,Kathleen,Female,71430,8.572,FALSE,Engineering
563,Randy,Male,86723,14.842,FALSE,Engineering
564,Andrew,Male,43414,7.563,TRUE,Client Services
565,Marilyn,Female,87145,17.33,FALSE,Human Resources
566,Johnny,Male,91124,12.986,TRUE,Distribution
568,Susan,Female,90829,19.142,FALSE,Marketing
569,Ruby,Female,101262,6.773,FALSE,Client Services
570,Kelly,Female,41427,1.431,FALSE,Product
571,Jonathan,Male,56993,18.623,FALSE,Marketing
572,Raymond,Male,114244,16.69,FALSE,Human Resources
575,John,Male,66077,5.809,TRUE,Product
576,Michael,Male,35013,14.879,FALSE,Product
577,Jerry,Male,98393,11.393,FALSE,Client Services
578,Amanda,Female,107111,1.438,TRUE,Product
579,Harold,Male,65673,1.187,TRUE,Legal
581,Ernest,Male,81919,15.118,FALSE,Marketing
582,Harry,Male,59277,10.2,FALSE,Finance
583,Diane,Female,49501,13.506,FALSE,Business Development
584,Jack,Male,70367,18.266,TRUE,Legal
585,Shirley,Female,132156,2.754,FALSE,Marketing
586,Rose,Female,56961,7.585,FALSE,Marketing
587,Cheryl,Female,98841,8.945,TRUE,Client Services
588,Cynthia,Female,78226,2.419,FALSE,Human Resources
589,Sandra,Female,116931,9.657,TRUE,Human Resources
590,Andrea,Female,87575,13.346,TRUE,Business Development
591,Rachel,Female,110924,7.808,FALSE,Distribution
592,Justin,Male,78351,15.221,FALSE,Sales
593,Marie,Female,125574,4.644,FALSE,Sales
594,Louis,Male,95198,2.075,FALSE,Business Development
595,Nancy,Female,121006,3.512,TRUE,Finance
596,Mark,Male,95728,6.752,TRUE,Business Development
597,Teresa,Female,69740,8.294,FALSE,Distribution
598,Frances,Female,91996,11.506,FALSE,Product
604,Bruce,Male,141335,15.427,TRUE,Engineering
605,Rose,Female,97691,2.142,FALSE,Client Services
606,Mildred,Female,47266,10.256,FALSE,Client Services
609,Todd,Male,103405,15.91,FALSE,Sales
610,Alan,Male,41453,10.084,FALSE,Product
614,Eric,Male,65168,11.513,FALSE,Distribution
615,Edward,Male,73105,6.083,TRUE,Engineering
616,Kimberly,Female,37916,12.929,TRUE,Distribution
617,Kathy,Female,45682,1.451,TRUE,Marketing
618,Peter,Male,69297,1.268,FALSE,Finance
619,Beverly,Female,59070,19.064,TRUE,Engineering
620,Ralph,Male,81215,8.4,FALSE,Finance
621,Justin,Male,128036,18.824,FALSE,Client Services
622,Irene,Female,89780,8.999,TRUE,Sales
623,Irene,Female,125018,9.601,TRUE,Legal
624,Jeremy,Male,133033,12.2,FALSE,Sales
625,Cynthia,Female,82408,8.701,TRUE,Marketing
627,Anne,Female,128305,16.636,FALSE,Marketing
629,Debra,Female,74911,19.513,FALSE,Marketing
630,Michael,Male,47079,2.617,FALSE,Legal
632,Rebecca,Female,134673,6.878,FALSE,Engineering
633,Andrea,Female,123591,6.5,TRUE,Engineering
636,Marilyn,Female,92430,2.924,FALSE,Engineering
637,Wayne,Male,126956,18.396,FALSE,Human Resources
638,Frances,Female,112467,1.433,FALSE,Business Development
640,Kathleen,Female,42553,3.756,TRUE,Distribution
641,Amanda,Female,102081,5.203,FALSE,Sales
643,Shawn,Male,71975,9.77,FALSE,Human Resources
644,Katherine,Female,149908,18.912,FALSE,Finance
646,Elizabeth,Female,79145,19.78,FALSE,Finance
648,Gregory,Male,128031,15.857,TRUE,Business Development
649,Ruth,Female,59969,14.064,TRUE,Finance
650,Cynthia,Female,35381,11.749,FALSE,Finance
651,Deborah,Female,113129,17.371,FALSE,Client Services
652,Willie,Male,141932,1.017,TRUE,Engineering
653,Debra,Female,42296,16.922,FALSE,Product
654,Carl,Male,63395,11.411,FALSE,Legal
655,Walter,Male,125382,13.613,TRUE,Client Services
656,Lisa,Female,113592,17.108,TRUE,Marketing
657,Rebecca,Female,46750,11.367,TRUE,Sales
658,Jessica,Female,90285,13.591,TRUE,Client Services
661,Craig,Male,123876,4.225,FALSE,Engineering
662,Katherine,Female,41643,4.659,TRUE,Distribution
663,Andrea,Female,113760,12.866,TRUE,Distribution
664,Timothy,Male,49473,12.463,FALSE,Legal
665,Anthony,Male,146141,3.645,TRUE,Distribution
668,James,Male,67789,17.105,TRUE,Legal
670,Martha,Female,135758,14.782,TRUE,Client Services
671,Laura,Female,84672,3.96,FALSE,Distribution
672,Robert,Male,111580,10.982,FALSE,Human Resources
673,Ralph,Male,50455,16.248,FALSE,Business Development
675,Diane,Female,130577,12.791,FALSE,Marketing
676,Annie,Female,138925,9.801,TRUE,Marketing
677,Jacqueline,Female,62371,15.77,TRUE,Client Services
678,Brenda,Female,87715,2.675,FALSE,Product
679,Lori,Female,66029,3.345,TRUE,Client Services
680,Albert,Male,86818,14.301,TRUE,Engineering
681,Frank,Male,75147,17.398,FALSE,Product
682,Deborah,Female,105573,5.268,TRUE,Product
688,Brian,Male,93901,17.821,TRUE,Legal
690,Bruce,Male,134988,13.926,TRUE,Sales
691,Joan,Female,120941,3.694,TRUE,Finance
692,Harold,Male,118753,8.162,FALSE,Sales
693,Alice,Female,92799,2.782,FALSE,Sales
694,Barbara,Female,85718,13.326,FALSE,Client Services
695,Sarah,Female,109517,5.146,FALSE,Human Resources
696,Samuel,Male,85550,11.593,TRUE,Marketing
700,Frank,Male,78891,7.927,TRUE,Distribution
702,Debra,Female,84693,6.976,TRUE,Finance
704,Thomas,Male,65251,11.211,FALSE,Distribution
705,Harry,Male,129148,15.193,TRUE,Engineering
707,Patricia,Female,75825,7.839,FALSE,Engineering
708,Steve,Male,51821,1.197,TRUE,Legal
710,Edward,Male,58327,17.095,TRUE,Finance
711,Karen,Female,46478,16.552,FALSE,Engineering
713,Ann,Female,79796,9.851,FALSE,Distribution
714,Jonathan,Male,83809,12.922,FALSE,Distribution
715,Peter,Male,77933,13.132,TRUE,Engineering
716,Eric,Male,51070,13.806,TRUE,Business Development
718,Terry,Male,58357,7.969,FALSE,Engineering
719,John,Male,67165,13.001,FALSE,Engineering
720,Marie,Female,145988,18.685,TRUE,Human Resources
721,Harold,Male,147417,11.626,TRUE,Business Development
722,Joshua,Male,95003,5.197,TRUE,Marketing
724,Andrea,Female,37888,13.47,FALSE,Engineering
725,Jeremy,Male,131513,1.876,TRUE,Finance
727,Roy,Male,46875,12.942,TRUE,Sales
728,Dorothy,Female,82744,19.111,TRUE,Client Services
729,Steven,Male,43252,18.892,FALSE,Client Services
730,Nicole,Female,66047,18.674,TRUE,Marketing
731,Ann,Female,118431,12.772,TRUE,Finance
732,Henry,Male,59943,1.432,FALSE,Finance
735,Barbara,Female,82884,6.837,TRUE,Business Development
736,Judy,Female,48668,11.716,TRUE,Product
737,Lawrence,Male,122971,14.618,FALSE,Product
738,Joseph,Male,107050,12.737,FALSE,Business Development
739,Carlos,Male,138598,14.737,FALSE,Sales
741,Jane,Female,128540,15.941,FALSE,Legal
742,Martin,Male,61117,2.844,FALSE,Client Services
743,Steven,Male,100949,13.813,TRUE,Human Resources
745,James,Male,69111,14.625,TRUE,Business Development
746,Gloria,Female,46602,1.027,TRUE,Business Development
747,Ernest,Male,61181,16.559,FALSE,Business Development
748,Martha,Female,94963,19.626,TRUE,Business Development
751,Tina,Female,102841,3.369,FALSE,Client Services
752,Henry,Male,49665,18.338,FALSE,Business Development
754,Lisa,Female,128042,2.03,TRUE,Legal
755,Denise,Female,86150,3.997,FALSE,Client Services
756,Stephen,Male,121816,10.615,TRUE,Distribution
757,Benjamin,Male,123409,7.783,FALSE,Product
759,Ruth,Female,59678,10.895,FALSE,Distribution
760,Shawn,Male,57871,4.02,TRUE,Human Resources
761,Jennifer,Female,132084,10.006,TRUE,Engineering
762,Terry,Male,35633,3.947,TRUE,Distribution
763,Jacqueline,Female,125298,3.019,TRUE,Legal
764,Roger,Male,115582,15.343,TRUE,Sales
766,Justin,Male,112975,9.699,FALSE,Human Resources
767,Janet,Female,36927,18.769,FALSE,Client Services
768,Robin,Female,70248,9.66,TRUE,Sales
770,Katherine,Female,72002,13.178,TRUE,Product
771,Peter,Male,102577,12.026,TRUE,Product
772,Lillian,Female,113554,18.018,TRUE,Business Development
775,Rose,Female,75181,6.06,TRUE,Finance
776,Bobby,Male,79047,18.784,FALSE,Human Resources
777,Kimberly,Female,52970,4.513,FALSE,Sales
778,Antonio,Male,137979,5.266,FALSE,Distribution
779,Doris,Female,114360,17.799,TRUE,Business Development
780,Steven,Male,110306,16.843,TRUE,Human Resources
784,Stephanie,Female,96649,3.453,FALSE,Sales
786,Sandra,Female,111468,2.58,TRUE,Product
787,Kevin,Male,141498,4.135,TRUE,Sales
789,Lisa,Female,40121,6.293,FALSE,Product
790,Fred,Male,129712,11.058,FALSE,Finance
791,Joseph,Male,126010,19.601,FALSE,Legal
793,Andrea,Female,149105,13.707,TRUE,Distribution
796,Catherine,Female,59970,12.801,FALSE,Client Services
797,Rose,Female,145001,19.85,FALSE,Engineering
798,Lawrence,Male,102589,17.952,TRUE,Marketing
799,Raymond,Male,47529,2.712,TRUE,Product
800,Clarence,Male,148941,11.517,FALSE,Product
801,Ryan,Male,91109,17.499,TRUE,Human Resources
802,Jane,Female,51923,13.623,FALSE,Business Development
803,Lois,Female,53954,19.075,FALSE,Product
804,Shawn,Male,39335,10.664,FALSE,Distribution
805,Thomas,Male,111371,15.081,TRUE,Engineering
806,Kathryn,Female,86676,6.081,FALSE,Sales
807,Mary,Female,115057,2.089,FALSE,Finance
808,Julie,Female,145357,3.459,FALSE,Engineering
809,George,Male,36749,19.754,FALSE,Finance
810,Ralph,Male,89854,7.227,FALSE,Business Development
811,Judith,Female,134048,6.818,TRUE,Marketing
813,Evelyn,Female,123621,19.767,TRUE,Marketing
814,Rachel,Female,54941,3.221,TRUE,Distribution
816,Kelly,Female,39371,4.068,FALSE,Engineering
817,Ruby,Female,83112,4.083,FALSE,Marketing
818,Ann,Female,96941,10.048,TRUE,Distribution
819,Kenneth,Male,47232,17.862,TRUE,Legal
820,William,Male,54058,5.182,TRUE,Human Resources
822,Deborah,Female,118043,7.266,TRUE,Business Development
824,Julia,Female,97566,2.147,FALSE,Marketing
828,Cynthia,Female,149684,7.864,FALSE,Product
829,Johnny,Male,71383,2.097,TRUE,Human Resources
830,Michael,Male,81206,19.908,TRUE,Distribution
831,Kenneth,Male,69112,7.588,TRUE,Finance
832,Keith,Male,120672,19.467,FALSE,Legal
833,Gerald,Male,96511,9.331,FALSE,Human Resources
835,Douglas,Male,132175,2.28,FALSE,Engineering
836,Carolyn,Female,118037,13.492,FALSE,Finance
837,Joseph,Male,139570,15.804,TRUE,Finance
838,Billy,Male,115280,9.153,FALSE,Distribution
839,Joyce,Female,51065,16.807,FALSE,Human Resources
840,Lillian,Female,103854,4.924,TRUE,Distribution
841,Ruby,Female,48354,19.501,FALSE,Business Development
842,Sandra,Female,132327,19.264,FALSE,Product
843,Louise,Female,106362,8.965,FALSE,Sales
845,Brenda,Female,131131,11.682,FALSE,Client Services
846,Stephen,Male,129663,15.574,FALSE,Human Resources
848,Bobby,Male,93368,2.88,TRUE,Product
849,Ernest,Male,53335,9.192,FALSE,Product
852,Diana,Female,105066,17.343,TRUE,Business Development
854,Harry,Male,63046,10.411,FALSE,Finance
857,Marie,Female,98406,7.943,TRUE,Product
858,Sean,Male,108581,9.634,FALSE,Human Resources
859,Robin,Female,41808,19.239,FALSE,Business Development
860,Phillip,Male,36837,14.66,FALSE,Marketing
861,Jerry,Male,140850,18.855,FALSE,Finance
862,Ronald,Male,50426,18.536,TRUE,Sales
863,Phillip,Male,134120,6.842,FALSE,Human Resources
865,Karen,Female,80633,16.306,FALSE,Legal
866,Bonnie,Female,131943,14.249,FALSE,Client Services
867,Earl,Male,48046,7.737,FALSE,Marketing
868,Katherine,Female,97443,13.657,FALSE,Product
869,Matthew,Male,135352,7.986,TRUE,Business Development
871,Gerald,Male,96329,2.469,TRUE,Engineering
872,Brenda,Female,73749,19.332,FALSE,Business Development
873,Jason,Male,75607,4.299,TRUE,Sales
874,Melissa,Female,98858,3.525,TRUE,Human Resources
875,Beverly,Female,76485,9.212,TRUE,Engineering
878,Jacqueline,Female,125418,8.064,FALSE,Distribution
879,Amy,Female,75415,19.132,FALSE,Client Services
881,Ruby,Female,142868,6.318,FALSE,Marketing
883,Kathryn,Female,57300,18.015,FALSE,Marketing
884,Lisa,Female,73706,18.53,FALSE,Finance
885,Juan,Male,85871,9.16,FALSE,Product
886,Anthony,Male,96795,14.837,FALSE,Sales
887,David,Male,92242,15.407,FALSE,Legal
888,Marilyn,Female,115149,11.934,TRUE,Legal
889,Margaret,Female,126924,1.552,TRUE,Finance
891,Timothy,Male,92587,8.475,FALSE,Finance
892,Brandon,Male,60263,2.709,FALSE,Sales
893,Frank,Male,91406,5.681,TRUE,Business Development
894,Betty,Female,37005,7.645,TRUE,Marketing
896,Victor,Male,45267,3.942,TRUE,Sales
898,Jane,Female,59680,15.211,TRUE,Business Development
899,Walter,Male,144701,16.323,TRUE,Marketing
900,Christina,Female,35477,18.178,FALSE,Human Resources
901,Patricia,Female,119266,6.911,FALSE,Distribution
903,Heather,Female,47605,14.955,TRUE,Human Resources
904,Stephanie,Female,136604,6.16,TRUE,Human Resources
905,Alice,Female,121250,4.363,TRUE,Finance
906,Frances,Female,35884,17.667,FALSE,Sales
907,Elizabeth,Female,137144,10.081,FALSE,Finance
908,Janice,Female,102697,3.283,FALSE,Engineering
909,Donald,Male,61999,6.466,FALSE,Product
910,Melissa,Female,45223,8.879,TRUE,Legal
911,Carl,Male,54033,15.528,TRUE,Business Development
913,Lois,Female,99747,6.168,FALSE,Marketing
914,Ann,Female,71958,5.272,TRUE,Distribution
915,Todd,Male,115566,6.716,TRUE,Client Services
916,Marilyn,Female,118369,7.696,TRUE,Business Development
917,Shawn,Male,51667,6.339,FALSE,Product
918,Ryan,Male,85858,19.475,FALSE,Client Services
919,Sean,Male,131423,8.957,FALSE,Distribution
920,Rose,Female,49538,9.828,FALSE,Client Services
921,George,Male,50369,18.9,TRUE,Sales
922,Arthur,Male,86615,3.412,TRUE,Business Development
924,Deborah,Female,60003,9.624,FALSE,Client Services
926,Judith,Female,109324,19.488,FALSE,Distribution
927,Philip,Male,103557,16.014,TRUE,Business Development
928,Jeffrey,Male,111376,2.673,TRUE,Business Development
929,Theresa,Female,75661,1.079,TRUE,Legal
930,Nancy,Female,85213,2.386,TRUE,Marketing
931,Harold,Male,140444,3.771,FALSE,Distribution
932,Bonnie,Female,90427,2.01,TRUE,Client Services
933,Doris,Female,141439,3.799,FALSE,Business Development
934,Samuel,Male,43694,3.787,TRUE,Engineering
935,Alice,Female,131952,12.09,FALSE,Engineering
936,Maria,Female,96250,10.056,FALSE,Business Development
940,Andrew,Male,137386,8.611,TRUE,Distribution
941,William,Male,104840,15.653,TRUE,Engineering
942,Lori,Female,75498,6.537,TRUE,Marketing
943,Wayne,Male,67471,2.728,FALSE,Engineering
944,Kenneth,Male,101914,1.905,TRUE,Distribution
948,Ashley,Female,142410,11.048,TRUE,Engineering
949,Scott,Male,37385,8.226,TRUE,Business Development
950,Paula,Female,58423,10.833,FALSE,Business Development
952,Teresa,Female,113425,11.907,TRUE,Human Resources
953,Randy,Male,57266,14.077,FALSE,Product
954,Joe,Male,119667,1.148,TRUE,Finance
955,Sarah,Female,127118,11.176,FALSE,Legal
956,Beverly,Female,80838,8.115,FALSE,Engineering
957,Jeffrey,Male,70990,15.901,TRUE,Sales
958,Gloria,Female,39833,9.631,FALSE,Engineering
959,Albert,Male,45094,5.85,TRUE,Business Development
960,Stephen,Male,93997,18.093,TRUE,Business Development
962,Jonathan,Male,121797,16.923,FALSE,Product
963,Ann,Female,89443,17.94,TRUE,Sales
964,Bruce,Male,35802,12.391,TRUE,Sales
965,Catherine,Female,68164,18.393,FALSE,Client Services
966,Louis,Male,93022,9.146,TRUE,Human Resources
967,Thomas,Male,105681,19.572,FALSE,Engineering
968,Louise,Female,43050,11.671,FALSE,Distribution
969,Linda,Female,44486,17.308,TRUE,Engineering
970,Alice,Female,63571,15.397,TRUE,Product
971,Patrick,Male,75423,5.368,TRUE,Business Development
973,Russell,Male,137359,11.105,FALSE,Business Development
974,Harry,Male,67656,16.455,TRUE,Client Services
975,Susan,Female,92436,12.467,FALSE,Sales
976,Denise,Female,137954,4.195,TRUE,Legal
977,Sarah,Female,124566,5.949,FALSE,Product
978,Sean,Male,66146,11.178,FALSE,Human Resources
979,Ernest,Male,142935,13.198,TRUE,Product
980,Kimberly,Female,46233,8.862,TRUE,Engineering
981,James,Male,148985,19.28,FALSE,Legal
982,Rose,Female,91411,8.639,TRUE,Human Resources
983,John,Male,146907,11.738,FALSE,Engineering
984,Maria,Female,43455,13.04,FALSE,Engineering
986,Donna,Female,82871,17.999,FALSE,Marketing
987,Gloria,Female,136709,10.331,TRUE,Finance
988,Alice,Female,47638,11.209,FALSE,Human Resources
990,Robin,Female,100765,10.982,TRUE,Client Services
991,Rose,Female,134505,11.051,TRUE,Marketing
992,Anthony,Male,112769,11.625,TRUE,Finance
993,Tina,Female,56450,19.04,TRUE,Engineering
994,George,Male,98874,4.479,TRUE,Marketing
996,Phillip,Male,42392,19.675,FALSE,Finance
997,Russell,Male,96914,1.421,FALSE,Product
998,Larry,Male,60500,11.985,FALSE,Business Development
999,Albert,Male,129949,10.169,TRUE,Sales
